,stock_number,sharpe_ratio,total_return,test_mse_loss,股票名稱,2024產業名稱
0,1213,4.668843224109062,4.66253724889817,0.0002146738979718,大飲,食品工業
1,2424,2.9183074703993808,2.448996453019929,0.000800246014478,隴華,電子–通信網路
4,2443,2.9416326236932284,1.8285590885018912,0.0004115570836802,昶虹,其他
5,8454,2.624569425110156,1.6966286155677537,0.0018079812853102,富邦媒,數位雲端
7,4609,2.7453782692658057,1.6144394533052924,0.0001700864904705,唐鋒,居家生活
