,stock_number,sharpe_ratio,total_return,test_mse_loss,股票名稱,2024產業名稱
49,3094,4.856853756278754,2.745441124129568,0.0018161610423703,聯傑,電子–半導體
69,3016,4.556100702006338,2.926393072343513,0.0016758295460022,嘉晶,電子–半導體
87,2342,4.449080419361702,2.553514806354682,0.0012979664061276,茂矽,電子–半導體
280,3686,3.558183187816371,2.2878573275686738,0.001546660590975,達能,電子–半導體
288,8086,3.536141177770189,2.1623440735178643,0.0009986188051698,宏捷科,電子–半導體
380,4968,3.331207592633361,2.4543069841375176,0.0009095756540773,立積,電子–半導體
507,3555,3.0198074813494564,2.1678497062070843,0.0003077587780353,博士旺,電子–半導體
706,6548,2.519954770833317,2.1850185702799827,0.0002687203500499,長科*,電子–半導體
